{"right": {"0.3": {"slope": -29.99999999999997, "intercept": 2.0999999999999983}, "-0.0": {"slope": 40.00000000000002, "intercept": -2.8000000000000016}, "0.4": {"slope": 9.999999999999996, "intercept": -0.3999999999999997}, "0.6": {"slope": 19.999999999999993, "intercept": -1.3999999999999995}, "1.6": {"slope": 22.000000000000007, "intercept": -1.7000000000000015}, "2.7": {"slope": 26.000000000000004, "intercept": -2.500000000000001}, "4.0": {"slope": 87.99999999999993, "intercept": -17.999999999999982}}, "left": {"0.4": {"slope": 20.000000000000007, "intercept": -0.6000000000000004}, "0.6": {"slope": 9.99999999999999, "intercept": 6.661338147750939e-16}, "0.7": {"slope": 20.000000000000018, "intercept": -0.7000000000000015}, "0.9": {"slope": 14.999999999999993, "intercept": -0.2999999999999995}, "1.2": {"slope": 25.999999999999993, "intercept": -1.3999999999999997}, "2.5": {"slope": 30.000000000000007, "intercept": -2.0000000000000018}, "4.0": {"slope": 90.00000000000001, "intercept": -14.000000000000004}, "8.5": {"slope": 19.999999999999982, "intercept": 3.5000000000000044}}}