{"1.0": {"slope": 70.00000000000003, "intercept": -2.5000000000000018}, "1.7": {"slope": 45.0, "intercept": -0.9999999999999998}, "2.6": {"slope": 40.000000000000014, "intercept": -0.600000000000001}, "3.0": {"slope": 69.99999999999996, "intercept": -3.2999999999999963}, "3.7": {"slope": 84.99999999999997, "intercept": -4.799999999999998}, "7.1": {"slope": 95.00000000000007, "intercept": -6.200000000000012}, "10.9": {"slope": 67.49999999999997, "intercept": -1.2499999999999947}, "13.6": {"slope": 87.50000000000003, "intercept": -5.6500000000000075}, "17.1": {"slope": 79.99999999999991, "intercept": -3.699999999999978}, "20.3": {"slope": 85.00000000000013, "intercept": -5.200000000000042}, "23.7": {"slope": 60.0, "intercept": 3.3000000000000007}, "26.1": {"slope": 94.99999999999984, "intercept": -9.999999999999936}, "29.9": {"slope": 50.00000000000009, "intercept": 8.89999999999996}, "31.9": {"slope": 104.99999999999997, "intercept": -16.399999999999984}, "36.1": {"slope": 99.99999999999991, "intercept": -13.899999999999956}, "40.1": {"slope": 110.00000000000017, "intercept": -19.300000000000097}, "44.5": {"slope": 139.99999999999991, "intercept": -36.699999999999946}, "50.1": {"slope": 87.49999999999993, "intercept": -4.149999999999956}, "53.6": {"slope": 60.00000000000008, "intercept": 13.99999999999995}, "56.0": {"slope": 32.4999999999999, "intercept": 33.25000000000007}, "57.3": {"slope": 42.500000000000036, "intercept": 25.849999999999973}, "59.0": {"slope": 140.0000000000001, "intercept": -50.20000000000009}, "64.6": {"slope": 170.00000000000014, "intercept": -74.80000000000013}, "71.4": {"slope": 92.49999999999963, "intercept": -8.149999999999679}, "75.1": {"slope": -19.999999999999968, "intercept": 93.09999999999997}, "74.3": {"slope": 49.99999999999996, "intercept": 27.30000000000004}, "76.3": {"slope": 144.9999999999998, "intercept": -65.7999999999998}, "82.1": {"slope": 160.0, "intercept": -81.1}}